var,type,low,high,err
x,flt,0.000000000000000000000000000000e+00,1.000000000000000000000000000000e+00,0.000000000000000000000000000000e+00

y,int,1,2,0.0
